Date,Open,High,Low,Close,Adj Close,Volume,Ticker
2018-01-02,1172.0,1190.0,1170.510009765625,1189.010009765625,1189.010009765625,2694500,AMZN
2018-01-03,1188.300048828125,1205.489990234375,1188.300048828125,1204.199951171875,1204.199951171875,3108800,AMZN
2018-01-04,1205.0,1215.8699951171875,1204.6600341796875,1209.5899658203125,1209.5899658203125,3022100,AMZN
2018-01-05,1217.510009765625,1229.1400146484375,1210.0,1229.1400146484375,1229.1400146484375,3544700,AMZN
2018-01-08,1236.0,1253.0799560546875,1232.030029296875,1246.8699951171875,1246.8699951171875,4279500,AMZN
2018-01-09,1256.9000244140625,1259.3299560546875,1241.760009765625,1252.699951171875,1252.699951171875,3661300,AMZN
2018-01-10,1245.1500244140625,1254.3299560546875,1237.22998046875,1254.3299560546875,1254.3299560546875,2686000,AMZN
2018-01-11,1259.739990234375,1276.77001953125,1256.4599609375,1276.6800537109375,1276.6800537109375,3125000,AMZN
2018-01-12,1273.3900146484375,1305.760009765625,1273.3900146484375,1305.199951171875,1305.199951171875,5443700,AMZN
2018-01-16,1323.0,1339.93994140625,1292.300048828125,1304.8599853515625,1304.8599853515625,7220700,AMZN
2018-01-17,1312.239990234375,1314.0,1280.8800048828125,1295.0,1295.0,5253800,AMZN
2018-01-18,1293.949951171875,1304.5999755859375,1284.02001953125,1293.3199462890625,1293.3199462890625,4026900,AMZN
2018-01-19,1312.0,1313.0,1292.989990234375,1294.5799560546875,1294.5799560546875,4578500,AMZN
2018-01-22,1297.1700439453125,1327.449951171875,1296.6600341796875,1327.31005859375,1327.31005859375,4140100,AMZN
2018-01-23,1338.0899658203125,1364.9000244140625,1337.3399658203125,1362.5400390625,1362.5400390625,5169300,AMZN
2018-01-24,1374.8199462890625,1388.1600341796875,1338.0,1357.510009765625,1357.510009765625,6807500,AMZN
2018-01-25,1368.0,1378.3399658203125,1357.6199951171875,1377.949951171875,1377.949951171875,4753000,AMZN
2018-01-26,1392.010009765625,1402.530029296875,1380.9100341796875,1402.050048828125,1402.050048828125,4857300,AMZN
2018-01-29,1409.1800537109375,1431.3900146484375,1400.43994140625,1417.6800537109375,1417.6800537109375,5701900,AMZN
2018-01-30,1403.1700439453125,1439.25,1392.0,1437.8199462890625,1437.8199462890625,5871900,AMZN
2018-01-31,1451.300048828125,1472.5799560546875,1450.0400390625,1450.8900146484375,1450.8900146484375,6424700,AMZN
2018-02-01,1445.0,1459.8800048828125,1385.1400146484375,1390.0,1390.0,9113800,AMZN
2018-02-02,1477.3900146484375,1498.0,1414.0,1429.949951171875,1429.949951171875,11125700,AMZN
2018-02-05,1402.6199951171875,1458.97998046875,1320.719970703125,1390.0,1390.0,11495000,AMZN
2018-02-06,1361.4599609375,1443.989990234375,1351.7900390625,1442.8399658203125,1442.8399658203125,11066800,AMZN
2018-02-07,1449.0,1460.989990234375,1415.1500244140625,1416.780029296875,1416.780029296875,7162700,AMZN
2018-02-08,1429.6800537109375,1433.75,1349.93994140625,1350.5,1350.5,8578600,AMZN
2018-02-09,1373.489990234375,1383.5,1265.9300537109375,1339.5999755859375,1339.5999755859375,14141500,AMZN
2018-02-12,1364.6700439453125,1393.81005859375,1344.010009765625,1386.22998046875,1386.22998046875,6738900,AMZN
2018-02-13,1385.9300537109375,1419.719970703125,1383.530029296875,1414.510009765625,1414.510009765625,5917900,AMZN
2018-02-14,1406.25,1452.06005859375,1403.3599853515625,1451.050048828125,1451.050048828125,5959200,AMZN
2018-02-15,1466.8900146484375,1468.93994140625,1436.8399658203125,1461.760009765625,1461.760009765625,5652700,AMZN
2018-02-16,1457.3699951171875,1465.800048828125,1446.56005859375,1448.68994140625,1448.68994140625,4472600,AMZN
2018-02-20,1446.489990234375,1488.77001953125,1446.489990234375,1468.3499755859375,1468.3499755859375,6499200,AMZN
2018-02-21,1485.0,1503.489990234375,1478.9200439453125,1482.9200439453125,1482.9200439453125,6304400,AMZN
2018-02-22,1495.3599853515625,1502.5400390625,1475.760009765625,1485.3399658203125,1485.3399658203125,4858100,AMZN
2018-02-23,1495.3399658203125,1500.0,1486.5,1500.0,1500.0,4418100,AMZN
2018-02-26,1509.199951171875,1522.8399658203125,1507.0,1521.949951171875,1521.949951171875,4955000,AMZN
2018-02-27,1524.5,1526.780029296875,1507.2099609375,1511.97998046875,1511.97998046875,4808800,AMZN
2018-02-28,1519.510009765625,1528.699951171875,1512.0,1512.449951171875,1512.449951171875,4515000,AMZN
2018-03-01,1513.5999755859375,1518.489990234375,1465.0,1493.449951171875,1493.449951171875,6835200,AMZN
2018-03-02,1469.0999755859375,1501.050048828125,1455.010009765625,1500.25,1500.25,6587600,AMZN
2018-03-05,1494.239990234375,1525.3800048828125,1481.0,1523.6099853515625,1523.6099853515625,5233900,AMZN
2018-03-06,1533.199951171875,1542.1300048828125,1528.0,1537.6400146484375,1537.6400146484375,4561700,AMZN
2018-03-07,1526.52001953125,1545.9000244140625,1522.510009765625,1545.0,1545.0,4174100,AMZN
2018-03-08,1550.0,1554.8800048828125,1545.25,1551.8599853515625,1551.8599853515625,3862600,AMZN
2018-03-09,1563.5,1578.93994140625,1559.0799560546875,1578.8900146484375,1578.8900146484375,4534300,AMZN
2018-03-12,1592.5999755859375,1605.3299560546875,1586.699951171875,1598.3900146484375,1598.3900146484375,5174200,AMZN
2018-03-13,1615.9599609375,1617.5400390625,1578.010009765625,1588.1800537109375,1588.1800537109375,6531900,AMZN
2018-03-14,1597.0,1606.43994140625,1590.8900146484375,1591.0,1591.0,4259400,AMZN
2018-03-15,1595.0,1596.9100341796875,1578.1099853515625,1582.3199462890625,1582.3199462890625,4069700,AMZN
2018-03-16,1583.449951171875,1589.43994140625,1567.5,1571.6800537109375,1571.6800537109375,5425000,AMZN
2018-03-19,1554.530029296875,1561.6600341796875,1525.3499755859375,1544.9300537109375,1544.9300537109375,6580800,AMZN
2018-03-20,1550.3399658203125,1587.0,1545.4100341796875,1586.510009765625,1586.510009765625,4581600,AMZN
2018-03-21,1586.449951171875,1590.0,1563.1700439453125,1581.8599853515625,1581.8599853515625,4750800,AMZN
2018-03-22,1565.469970703125,1573.8499755859375,1542.4000244140625,1544.9200439453125,1544.9200439453125,6320600,AMZN
2018-03-23,1539.010009765625,1549.02001953125,1495.3599853515625,1495.56005859375,1495.56005859375,8006000,AMZN
2018-03-26,1530.0,1556.989990234375,1499.25,1555.8599853515625,1555.8599853515625,5624700,AMZN
2018-03-27,1572.4000244140625,1575.969970703125,1482.3199462890625,1497.050048828125,1497.050048828125,6999600,AMZN
2018-03-28,1447.0,1455.9000244140625,1386.1700439453125,1431.4200439453125,1431.4200439453125,13705300,AMZN
2018-03-29,1406.0,1455.469970703125,1365.199951171875,1447.3399658203125,1447.3399658203125,12581100,AMZN
2018-04-02,1417.6199951171875,1421.3599853515625,1355.0,1371.989990234375,1371.989990234375,10463600,AMZN
2018-04-03,1391.3800048828125,1414.0,1355.3299560546875,1392.050048828125,1392.050048828125,10231200,AMZN
2018-04-04,1358.239990234375,1415.3900146484375,1352.8800048828125,1410.5699462890625,1410.5699462890625,6982300,AMZN
2018-04-05,1441.989990234375,1459.56005859375,1427.0699462890625,1451.75,1451.75,6413500,AMZN
2018-04-06,1429.969970703125,1452.5,1400.260009765625,1405.22998046875,1405.22998046875,5882300,AMZN
2018-04-09,1425.030029296875,1438.47998046875,1402.5699462890625,1406.0799560546875,1406.0799560546875,4208200,AMZN
2018-04-10,1431.989990234375,1438.3800048828125,1415.699951171875,1436.219970703125,1436.219970703125,4254100,AMZN
2018-04-11,1439.43994140625,1448.780029296875,1424.8900146484375,1427.050048828125,1427.050048828125,3582500,AMZN
2018-04-12,1439.5,1452.1199951171875,1435.06005859375,1448.5,1448.5,3135000,AMZN
2018-04-13,1449.1400146484375,1459.780029296875,1424.52001953125,1430.7900390625,1430.7900390625,3685300,AMZN
2018-04-16,1445.0,1447.0,1427.47998046875,1441.5,1441.5,2808600,AMZN
2018-04-17,1462.300048828125,1507.18994140625,1457.02001953125,1503.8299560546875,1503.8299560546875,5114400,AMZN
2018-04-18,1514.6500244140625,1533.800048828125,1504.1099853515625,1527.8399658203125,1527.8399658203125,5227500,AMZN
2018-04-19,1543.219970703125,1568.52001953125,1539.06005859375,1556.9100341796875,1556.9100341796875,6523700,AMZN
2018-04-20,1561.199951171875,1561.199951171875,1516.0899658203125,1527.489990234375,1527.489990234375,5541600,AMZN
2018-04-23,1546.68994140625,1548.0,1503.4100341796875,1517.8599853515625,1517.8599853515625,4465400,AMZN
2018-04-24,1535.800048828125,1539.5,1448.449951171875,1460.0899658203125,1460.0899658203125,7494700,AMZN
2018-04-25,1458.0,1469.989990234375,1415.02001953125,1460.1700439453125,1460.1700439453125,6587300,AMZN
2018-04-26,1485.010009765625,1529.4200439453125,1478.5,1517.9599609375,1517.9599609375,8801100,AMZN
2018-04-27,1634.010009765625,1638.0999755859375,1567.3900146484375,1572.6199951171875,1572.6199951171875,13053200,AMZN
2018-04-30,1582.5,1596.0,1560.93994140625,1566.1300048828125,1566.1300048828125,5464100,AMZN
2018-05-01,1563.219970703125,1585.0,1552.1800537109375,1582.260009765625,1582.260009765625,4572100,AMZN
2018-05-02,1580.97998046875,1588.5,1566.3599853515625,1569.6800537109375,1569.6800537109375,4360300,AMZN
2018-05-03,1560.010009765625,1574.800048828125,1546.02001953125,1572.0799560546875,1572.0799560546875,4251900,AMZN
2018-05-04,1562.449951171875,1584.9000244140625,1562.18994140625,1580.949951171875,1580.949951171875,3443600,AMZN
2018-05-07,1589.3399658203125,1606.949951171875,1587.8299560546875,1600.1400146484375,1600.1400146484375,3801900,AMZN
2018-05-08,1595.0,1596.8800048828125,1582.510009765625,1592.3900146484375,1592.3900146484375,3067900,AMZN
2018-05-09,1600.0,1608.0,1592.0,1608.0,1608.0,3637300,AMZN
2018-05-10,1608.47998046875,1615.5999755859375,1603.43994140625,1609.0799560546875,1609.0799560546875,2817500,AMZN
2018-05-11,1610.989990234375,1611.0999755859375,1597.8900146484375,1602.9100341796875,1602.9100341796875,2263900,AMZN
2018-05-14,1604.0,1611.1800537109375,1600.050048828125,1601.5400390625,1601.5400390625,2509500,AMZN
2018-05-15,1587.800048828125,1587.800048828125,1565.219970703125,1576.1199951171875,1576.1199951171875,5077500,AMZN
2018-05-16,1577.5,1594.4300537109375,1576.6700439453125,1587.280029296875,1587.280029296875,2570600,AMZN
2018-05-17,1580.56005859375,1594.0400390625,1573.0,1581.760009765625,1581.760009765625,2147600,AMZN
2018-05-18,1581.3299560546875,1583.5899658203125,1572.0999755859375,1574.3699951171875,1574.3699951171875,2642600,AMZN
2018-05-21,1585.0,1592.050048828125,1575.0,1585.4599609375,1585.4599609375,2925200,AMZN
2018-05-22,1589.8900146484375,1589.8900146484375,1575.25,1581.4000244140625,1581.4000244140625,2115600,AMZN
2018-05-23,1571.050048828125,1601.8599853515625,1566.3399658203125,1601.8599853515625,1601.8599853515625,3361900,AMZN
2018-05-24,1598.030029296875,1608.239990234375,1588.3800048828125,1603.0699462890625,1603.0699462890625,3430000,AMZN
2018-05-25,1603.0,1614.1199951171875,1600.449951171875,1610.1500244140625,1610.1500244140625,2698400,AMZN
2018-05-29,1600.7099609375,1621.7900390625,1600.1500244140625,1612.8699951171875,1612.8699951171875,3846500,AMZN
2018-05-30,1618.0999755859375,1626.0,1612.9300537109375,1624.8900146484375,1624.8900146484375,2907400,AMZN
2018-05-31,1623.0,1635.0,1621.3499755859375,1629.6199951171875,1629.6199951171875,3166300,AMZN
2018-06-01,1637.030029296875,1646.72998046875,1635.0899658203125,1641.5400390625,1641.5400390625,3313400,AMZN
2018-06-04,1648.9000244140625,1665.6800537109375,1645.489990234375,1665.27001953125,1665.27001953125,3187700,AMZN
2018-06-05,1672.989990234375,1699.0,1670.06005859375,1696.3499755859375,1696.3499755859375,4782200,AMZN
2018-06-06,1704.510009765625,1714.5,1686.469970703125,1695.75,1695.75,5473200,AMZN
2018-06-07,1698.56005859375,1699.9000244140625,1676.1099853515625,1689.300048828125,1689.300048828125,3765700,AMZN
2018-06-08,1681.1199951171875,1689.43994140625,1673.010009765625,1683.989990234375,1683.989990234375,2955100,AMZN
2018-06-11,1681.510009765625,1694.239990234375,1680.5899658203125,1689.1199951171875,1689.1199951171875,2335500,AMZN
2018-06-12,1693.0,1699.510009765625,1691.52001953125,1698.75,1698.75,2259200,AMZN
2018-06-13,1702.81005859375,1713.75,1700.1199951171875,1704.8599853515625,1704.8599853515625,3327500,AMZN
2018-06-14,1713.47998046875,1724.800048828125,1708.8699951171875,1723.8599853515625,1723.8599853515625,3174400,AMZN
2018-06-15,1714.0,1720.8699951171875,1708.52001953125,1715.969970703125,1715.969970703125,4777600,AMZN
2018-06-18,1706.260009765625,1726.739990234375,1702.56005859375,1723.7900390625,1723.7900390625,3107700,AMZN
2018-06-19,1709.0400390625,1736.1099853515625,1700.3900146484375,1734.780029296875,1734.780029296875,4290100,AMZN
2018-06-20,1742.5,1762.9300537109375,1741.3599853515625,1750.0799560546875,1750.0799560546875,4332600,AMZN
2018-06-21,1760.0,1763.0999755859375,1717.56005859375,1730.219970703125,1730.219970703125,4941100,AMZN
2018-06-22,1742.6199951171875,1743.0,1711.9000244140625,1715.6700439453125,1715.6700439453125,4075100,AMZN
2018-06-25,1702.510009765625,1705.0,1646.31005859375,1663.1500244140625,1663.1500244140625,7511200,AMZN
2018-06-26,1672.3699951171875,1701.5699462890625,1663.3399658203125,1691.0899658203125,1691.0899658203125,4386600,AMZN
2018-06-27,1708.1099853515625,1711.949951171875,1660.0,1660.510009765625,1660.510009765625,4872200,AMZN
2018-06-28,1672.5400390625,1705.5,1661.1700439453125,1701.449951171875,1701.449951171875,4529700,AMZN
2018-06-29,1717.0,1723.4100341796875,1694.3199462890625,1699.800048828125,1699.800048828125,4543500,AMZN
2018-07-02,1682.699951171875,1713.8900146484375,1678.06005859375,1713.780029296875,1713.780029296875,3185700,AMZN
2018-07-03,1723.9599609375,1725.0,1692.47998046875,1693.9599609375,1693.9599609375,2177300,AMZN
2018-07-05,1705.3800048828125,1710.68994140625,1682.1500244140625,1699.72998046875,1699.72998046875,2983100,AMZN
2018-07-06,1696.0,1715.27001953125,1691.6700439453125,1710.6300048828125,1710.6300048828125,2650300,AMZN
2018-07-09,1724.050048828125,1739.56005859375,1716.22998046875,1739.02001953125,1739.02001953125,3012000,AMZN
2018-07-10,1738.530029296875,1750.0,1731.0,1743.0699462890625,1743.0699462890625,3002900,AMZN
2018-07-11,1737.989990234375,1756.9599609375,1734.0,1755.0,1755.0,3209800,AMZN
2018-07-12,1764.510009765625,1798.0,1762.1800537109375,1796.6199951171875,1796.6199951171875,4532700,AMZN
2018-07-13,1803.9300537109375,1815.300048828125,1795.22998046875,1813.030029296875,1813.030029296875,4383200,AMZN
2018-07-16,1821.949951171875,1841.949951171875,1814.449951171875,1822.489990234375,1822.489990234375,5466200,AMZN
2018-07-17,1811.56005859375,1851.68994140625,1797.3800048828125,1843.9300537109375,1843.9300537109375,5682900,AMZN
2018-07-18,1848.0,1858.8800048828125,1831.27001953125,1842.9200439453125,1842.9200439453125,4861900,AMZN
2018-07-19,1829.4599609375,1841.0,1811.27001953125,1812.969970703125,1812.969970703125,4676900,AMZN
2018-07-20,1825.010009765625,1834.8399658203125,1810.06005859375,1813.699951171875,1813.699951171875,3884400,AMZN
2018-07-23,1812.2099609375,1819.0,1769.989990234375,1802.0,1802.0,3888500,AMZN
2018-07-24,1829.010009765625,1840.0,1809.3800048828125,1829.239990234375,1829.239990234375,4278700,AMZN
2018-07-25,1829.300048828125,1863.8399658203125,1822.6400146484375,1863.6099853515625,1863.6099853515625,3738200,AMZN
2018-07-26,1839.0,1844.6800537109375,1804.5,1808.0,1808.0,9924400,AMZN
2018-07-27,1876.050048828125,1880.050048828125,1806.530029296875,1817.27001953125,1817.27001953125,9681000,AMZN
2018-07-30,1827.3299560546875,1829.5,1766.02001953125,1779.219970703125,1779.219970703125,6562300,AMZN
2018-07-31,1786.489990234375,1801.8299560546875,1739.3199462890625,1777.43994140625,1777.43994140625,5738700,AMZN
2018-08-01,1784.0,1798.43994140625,1776.02001953125,1797.1700439453125,1797.1700439453125,4153100,AMZN
2018-08-02,1788.77001953125,1836.56005859375,1786.0,1834.3299560546875,1834.3299560546875,4354700,AMZN
2018-08-03,1837.739990234375,1841.0,1821.5,1823.2900390625,1823.2900390625,3460500,AMZN
2018-08-06,1825.81005859375,1847.77001953125,1818.9200439453125,1847.75,1847.75,3391800,AMZN
2018-08-07,1854.530029296875,1869.719970703125,1846.27001953125,1862.47998046875,1862.47998046875,3377500,AMZN
2018-08-08,1861.0,1891.510009765625,1854.5,1886.52001953125,1886.52001953125,3963000,AMZN
2018-08-09,1882.0,1914.5699462890625,1877.47998046875,1898.52001953125,1898.52001953125,4860400,AMZN
2018-08-10,1888.510009765625,1899.5,1878.2099609375,1886.300048828125,1886.300048828125,3639900,AMZN
2018-08-13,1898.5,1925.0,1893.6700439453125,1896.199951171875,1896.199951171875,5531500,AMZN
2018-08-14,1919.3900146484375,1921.010009765625,1900.0,1919.6500244140625,1919.6500244140625,3986100,AMZN
2018-08-15,1909.550048828125,1916.2099609375,1869.7900390625,1882.6199951171875,1882.6199951171875,7700700,AMZN
2018-08-16,1903.93994140625,1905.0,1883.550048828125,1886.52001953125,1886.52001953125,3957100,AMZN
2018-08-17,1885.800048828125,1888.0,1855.550048828125,1882.219970703125,1882.219970703125,4104300,AMZN
2018-08-20,1890.5699462890625,1891.75,1866.06005859375,1876.7099609375,1876.7099609375,2862000,AMZN
2018-08-21,1880.0,1897.75,1874.4100341796875,1883.4200439453125,1883.4200439453125,3105600,AMZN
2018-08-22,1876.6400146484375,1905.800048828125,1876.6400146484375,1904.9000244140625,1904.9000244140625,3080500,AMZN
2018-08-23,1907.1700439453125,1919.5,1900.760009765625,1902.9000244140625,1902.9000244140625,3563000,AMZN
2018-08-24,1910.510009765625,1916.010009765625,1902.5400390625,1905.3900146484375,1905.3900146484375,2800900,AMZN
2018-08-27,1915.0,1927.699951171875,1909.280029296875,1927.6800537109375,1927.6800537109375,3569000,AMZN
2018-08-28,1937.72998046875,1941.780029296875,1928.8199462890625,1932.8199462890625,1932.8199462890625,3100700,AMZN
2018-08-29,1953.449951171875,1998.68994140625,1948.93994140625,1998.0999755859375,1998.0999755859375,6531800,AMZN
2018-08-30,1997.4200439453125,2025.5699462890625,1986.9000244140625,2002.3800048828125,2002.3800048828125,7277300,AMZN
2018-08-31,2007.0,2022.3800048828125,2004.739990234375,2012.7099609375,2012.7099609375,4204400,AMZN
2018-09-04,2026.5,2050.5,2013.0,2039.510009765625,2039.510009765625,5721100,AMZN
2018-09-05,2038.1099853515625,2040.3800048828125,1989.8900146484375,1994.8199462890625,1994.8199462890625,8220600,AMZN
2018-09-06,2006.510009765625,2007.5,1935.2099609375,1958.31005859375,1958.31005859375,7488700,AMZN
2018-09-07,1938.7099609375,1975.199951171875,1937.3499755859375,1952.0699462890625,1952.0699462890625,4892600,AMZN
2018-09-10,1971.0,1973.0400390625,1931.52001953125,1939.010009765625,1939.010009765625,4544800,AMZN
2018-09-11,1928.27001953125,1988.8800048828125,1917.0,1987.1500244140625,1987.1500244140625,5033600,AMZN
2018-09-12,1994.0,2000.0,1962.43994140625,1990.0,1990.0,4414000,AMZN
2018-09-13,2000.0,2008.760009765625,1982.030029296875,1989.8699951171875,1989.8699951171875,3621500,AMZN
2018-09-14,1992.9300537109375,1993.6500244140625,1959.219970703125,1970.18994140625,1970.18994140625,3642000,AMZN
2018-09-17,1954.72998046875,1956.8199462890625,1887.4100341796875,1908.030029296875,1908.030029296875,7050200,AMZN
2018-09-18,1918.6500244140625,1958.199951171875,1915.43994140625,1941.050048828125,1941.050048828125,4268700,AMZN
2018-09-19,1940.5,1940.8299560546875,1904.9000244140625,1926.4200439453125,1926.4200439453125,4056800,AMZN
2018-09-20,1938.5799560546875,1955.0,1932.25,1944.300048828125,1944.300048828125,3154900,AMZN
2018-09-21,1954.219970703125,1957.31005859375,1910.5,1915.010009765625,1915.010009765625,6855900,AMZN
2018-09-24,1903.7900390625,1936.8800048828125,1865.0,1934.3599853515625,1934.3599853515625,4213700,AMZN
2018-09-25,1942.9000244140625,1975.9100341796875,1938.8499755859375,1974.550048828125,1974.550048828125,4538400,AMZN
2018-09-26,1968.5,1995.25,1961.52001953125,1974.8499755859375,1974.8499755859375,4313500,AMZN
2018-09-27,1993.239990234375,2016.1600341796875,1988.5799560546875,2012.97998046875,2012.97998046875,4329400,AMZN
2018-09-28,2004.4100341796875,2026.52001953125,1996.4599609375,2003.0,2003.0,4085100,AMZN
2018-10-01,2021.989990234375,2033.18994140625,2003.5999755859375,2004.3599853515625,2004.3599853515625,3460500,AMZN
2018-10-02,1999.989990234375,2013.3900146484375,1965.77001953125,1971.31005859375,1971.31005859375,5400700,AMZN
2018-10-03,1981.699951171875,1989.699951171875,1949.81005859375,1952.760009765625,1952.760009765625,5253100,AMZN
2018-10-04,1949.0,1956.0,1896.5699462890625,1909.4200439453125,1909.4200439453125,7257000,AMZN
2018-10-05,1917.989990234375,1929.0799560546875,1862.8299560546875,1889.6500244140625,1889.6500244140625,6822300,AMZN
2018-10-08,1874.0,1902.0,1830.6600341796875,1864.4200439453125,1864.4200439453125,7393200,AMZN
2018-10-09,1859.989990234375,1896.6800537109375,1852.3199462890625,1870.3199462890625,1870.3199462890625,4772900,AMZN
2018-10-10,1857.8900146484375,1858.56005859375,1754.4100341796875,1755.25,1755.25,10988900,AMZN
2018-10-11,1724.0,1755.4000244140625,1685.0999755859375,1719.3599853515625,1719.3599853515625,13935900,AMZN
2018-10-12,1808.0,1808.949951171875,1742.530029296875,1788.6099853515625,1788.6099853515625,9444600,AMZN
2018-10-15,1795.0,1795.050048828125,1734.22998046875,1760.949951171875,1760.949951171875,6437200,AMZN
2018-10-16,1783.5,1823.8800048828125,1761.550048828125,1819.9599609375,1819.9599609375,5859900,AMZN
2018-10-17,1842.7900390625,1845.0,1807.0,1831.72998046875,1831.72998046875,5295200,AMZN
2018-10-18,1821.489990234375,1830.1500244140625,1767.8699951171875,1770.719970703125,1770.719970703125,5874000,AMZN
2018-10-19,1785.1600341796875,1809.0999755859375,1753.0,1764.030029296875,1764.030029296875,5907200,AMZN
2018-10-22,1784.0,1809.5,1756.0,1789.300048828125,1789.300048828125,4500000,AMZN
2018-10-23,1742.239990234375,1776.3399658203125,1714.0,1768.699951171875,1768.699951171875,6723900,AMZN
2018-10-24,1773.699951171875,1777.7099609375,1656.56005859375,1664.199951171875,1664.199951171875,6928400,AMZN
2018-10-25,1703.3399658203125,1794.81005859375,1692.010009765625,1782.1700439453125,1782.1700439453125,10285700,AMZN
2018-10-26,1649.5899658203125,1698.4599609375,1603.0,1642.81005859375,1642.81005859375,14963800,AMZN
2018-10-29,1660.0,1665.739990234375,1495.0,1538.8800048828125,1538.8800048828125,13866100,AMZN
2018-10-30,1486.1600341796875,1540.989990234375,1476.3599853515625,1530.4200439453125,1530.4200439453125,12460100,AMZN
2018-10-31,1569.989990234375,1623.9100341796875,1565.0899658203125,1598.010009765625,1598.010009765625,9390200,AMZN
2018-11-01,1623.530029296875,1670.449951171875,1598.43994140625,1665.530029296875,1665.530029296875,8135500,AMZN
2018-11-02,1678.5899658203125,1697.43994140625,1651.8299560546875,1665.530029296875,1665.530029296875,6955500,AMZN
2018-11-05,1657.5699462890625,1658.0899658203125,1596.3599853515625,1627.800048828125,1627.800048828125,5624700,AMZN
2018-11-06,1618.3499755859375,1665.0,1614.550048828125,1642.81005859375,1642.81005859375,4257400,AMZN
2018-11-07,1673.0,1759.22998046875,1664.0799560546875,1755.489990234375,1755.489990234375,8192200,AMZN
2018-11-08,1755.0,1784.0,1725.1099853515625,1754.9100341796875,1754.9100341796875,6534900,AMZN
2018-11-09,1732.5,1743.9200439453125,1701.8699951171875,1712.4300537109375,1712.4300537109375,5902200,AMZN
2018-11-12,1698.239990234375,1708.550048828125,1630.010009765625,1636.8499755859375,1636.8499755859375,6806200,AMZN
2018-11-13,1649.2900390625,1677.06005859375,1613.75,1631.1700439453125,1631.1700439453125,5933300,AMZN
2018-11-14,1656.3199462890625,1673.0,1597.0699462890625,1599.010009765625,1599.010009765625,6486900,AMZN
2018-11-15,1581.010009765625,1624.8199462890625,1546.510009765625,1619.43994140625,1619.43994140625,8427300,AMZN
2018-11-16,1587.5,1614.47998046875,1573.1199951171875,1593.4100341796875,1593.4100341796875,6066100,AMZN
2018-11-19,1577.010009765625,1581.18994140625,1503.3599853515625,1512.2900390625,1512.2900390625,7790000,AMZN
2018-11-20,1437.5,1534.75,1420.0,1495.4599609375,1495.4599609375,10878800,AMZN
2018-11-21,1542.989990234375,1550.0,1515.0,1516.72998046875,1516.72998046875,5716800,AMZN
2018-11-23,1517.0,1536.199951171875,1501.81005859375,1502.06005859375,1502.06005859375,2707600,AMZN
2018-11-26,1539.0,1584.81005859375,1524.219970703125,1581.3299560546875,1581.3299560546875,6257700,AMZN
2018-11-27,1575.989990234375,1597.6500244140625,1558.010009765625,1581.4200439453125,1581.4200439453125,5783200,AMZN
2018-11-28,1613.9200439453125,1681.449951171875,1601.219970703125,1677.75,1677.75,8458700,AMZN
2018-11-29,1674.989990234375,1689.989990234375,1652.3299560546875,1673.5699462890625,1673.5699462890625,6613200,AMZN
2018-11-30,1679.5,1696.0,1666.5,1690.1700439453125,1690.1700439453125,5761800,AMZN
2018-12-03,1769.4599609375,1778.3399658203125,1730.0,1772.3599853515625,1772.3599853515625,6862300,AMZN
2018-12-04,1756.0,1770.3399658203125,1665.0,1668.4000244140625,1668.4000244140625,8694500,AMZN
2018-12-06,1614.8699951171875,1701.050048828125,1609.8499755859375,1699.18994140625,1699.18994140625,8789400,AMZN
2018-12-07,1705.0699462890625,1718.9300537109375,1625.4599609375,1629.1300048828125,1629.1300048828125,7576100,AMZN
2018-12-10,1623.8399658203125,1657.989990234375,1590.8699951171875,1641.030029296875,1641.030029296875,7494800,AMZN
2018-12-11,1678.0,1679.469970703125,1619.5999755859375,1643.239990234375,1643.239990234375,6244700,AMZN
2018-12-12,1669.0,1704.989990234375,1660.27001953125,1663.5400390625,1663.5400390625,6598000,AMZN
2018-12-13,1680.0,1692.1199951171875,1641.5,1658.3800048828125,1658.3800048828125,5271300,AMZN
2018-12-14,1638.0,1642.5699462890625,1585.0,1591.9100341796875,1591.9100341796875,6367200,AMZN
2018-12-17,1566.0,1576.1300048828125,1505.010009765625,1520.9100341796875,1520.9100341796875,8829800,AMZN
2018-12-18,1540.0,1567.550048828125,1523.010009765625,1551.47998046875,1551.47998046875,6523000,AMZN
2018-12-19,1543.050048828125,1584.530029296875,1483.1800537109375,1495.0799560546875,1495.0799560546875,8792200,AMZN
2018-12-20,1484.0,1509.5,1432.68994140625,1460.8299560546875,1460.8299560546875,9991800,AMZN
2018-12-21,1464.989990234375,1480.0,1363.9599609375,1377.449951171875,1377.449951171875,13640300,AMZN
2018-12-24,1346.0,1396.030029296875,1307.0,1343.9599609375,1343.9599609375,7220000,AMZN
2018-12-26,1368.8900146484375,1473.1600341796875,1363.010009765625,1470.9000244140625,1470.9000244140625,10411800,AMZN
2018-12-27,1454.199951171875,1469.0,1390.31005859375,1461.6400146484375,1461.6400146484375,9722000,AMZN
2018-12-28,1473.3499755859375,1513.469970703125,1449.0,1478.02001953125,1478.02001953125,8829000,AMZN
2018-12-31,1510.800048828125,1520.760009765625,1487.0,1501.969970703125,1501.969970703125,6954500,AMZN
2019-01-02,1465.199951171875,1553.3599853515625,1460.9300537109375,1539.1300048828125,1539.1300048828125,7983100,AMZN
2019-01-03,1520.010009765625,1538.0,1497.1099853515625,1500.280029296875,1500.280029296875,6975600,AMZN
2019-01-04,1530.0,1594.0,1518.31005859375,1575.3900146484375,1575.3900146484375,9182600,AMZN
2019-01-07,1602.31005859375,1634.56005859375,1589.18994140625,1629.510009765625,1629.510009765625,7993200,AMZN
2019-01-08,1664.68994140625,1676.6099853515625,1616.6099853515625,1656.5799560546875,1656.5799560546875,8881400,AMZN
2019-01-09,1652.97998046875,1667.800048828125,1641.4000244140625,1659.4200439453125,1659.4200439453125,6348800,AMZN
2019-01-10,1641.010009765625,1663.25,1621.6199951171875,1656.219970703125,1656.219970703125,6507700,AMZN
2019-01-11,1640.550048828125,1660.2900390625,1636.219970703125,1640.56005859375,1640.56005859375,4686200,AMZN
2019-01-14,1615.0,1648.199951171875,1595.1500244140625,1617.2099609375,1617.2099609375,6005900,AMZN
2019-01-15,1632.0,1675.1600341796875,1626.010009765625,1674.56005859375,1674.56005859375,5998500,AMZN
2019-01-16,1684.219970703125,1705.0,1675.8800048828125,1683.780029296875,1683.780029296875,6366900,AMZN
2019-01-17,1680.0,1700.1700439453125,1677.5,1693.219970703125,1693.219970703125,4208900,AMZN
2019-01-18,1712.0,1716.199951171875,1691.5400390625,1696.199951171875,1696.199951171875,6020500,AMZN
2019-01-22,1681.0,1681.8699951171875,1610.199951171875,1632.1700439453125,1632.1700439453125,6416800,AMZN
2019-01-23,1656.0,1657.4300537109375,1612.0,1640.02001953125,1640.02001953125,5225200,AMZN
2019-01-24,1641.0699462890625,1657.260009765625,1631.780029296875,1654.9300537109375,1654.9300537109375,4089900,AMZN
2019-01-25,1670.5,1683.47998046875,1661.6099853515625,1670.5699462890625,1670.5699462890625,4945900,AMZN
2019-01-28,1643.5899658203125,1645.0,1614.0899658203125,1637.8900146484375,1637.8900146484375,4837700,AMZN
2019-01-29,1631.27001953125,1632.3800048828125,1590.719970703125,1593.8800048828125,1593.8800048828125,4632800,AMZN
2019-01-30,1623.0,1676.949951171875,1619.6800537109375,1670.4300537109375,1670.4300537109375,5783800,AMZN
2019-01-31,1692.8499755859375,1736.4100341796875,1679.0799560546875,1718.72998046875,1718.72998046875,10910300,AMZN
2019-02-01,1638.8800048828125,1673.06005859375,1622.010009765625,1626.22998046875,1626.22998046875,11506200,AMZN
2019-02-04,1623.0,1649.6300048828125,1613.5,1633.31005859375,1633.31005859375,4929100,AMZN
2019-02-05,1643.3399658203125,1665.260009765625,1642.5,1658.81005859375,1658.81005859375,4453100,AMZN
2019-02-06,1670.75,1672.260009765625,1633.3399658203125,1640.260009765625,1640.260009765625,3939900,AMZN
2019-02-07,1625.0,1625.5400390625,1592.9100341796875,1614.3699951171875,1614.3699951171875,4626600,AMZN
2019-02-08,1586.0,1588.5899658203125,1566.760009765625,1588.219970703125,1588.219970703125,5657500,AMZN
2019-02-11,1600.97998046875,1609.2900390625,1586.0,1591.0,1591.0,3317300,AMZN
2019-02-12,1604.0,1639.4000244140625,1598.8800048828125,1638.010009765625,1638.010009765625,4858600,AMZN
2019-02-13,1647.0,1656.3800048828125,1637.1099853515625,1640.0,1640.0,3560300,AMZN
2019-02-14,1624.5,1637.9000244140625,1606.06005859375,1622.6500244140625,1622.6500244140625,4120500,AMZN
2019-02-15,1627.8599853515625,1628.9100341796875,1604.5,1607.949951171875,1607.949951171875,4343900,AMZN
2019-02-19,1601.0,1634.0,1600.56005859375,1627.5799560546875,1627.5799560546875,3681700,AMZN
2019-02-20,1630.0,1634.9300537109375,1610.1199951171875,1622.0999755859375,1622.0999755859375,3337600,AMZN
2019-02-21,1619.8499755859375,1623.56005859375,1600.9100341796875,1619.43994140625,1619.43994140625,3483400,AMZN
2019-02-22,1623.5,1634.93994140625,1621.1700439453125,1631.56005859375,1631.56005859375,3096200,AMZN
2019-02-25,1641.449951171875,1654.5999755859375,1630.3900146484375,1633.0,1633.0,3184500,AMZN
2019-02-26,1625.97998046875,1639.989990234375,1616.1300048828125,1636.4000244140625,1636.4000244140625,2665800,AMZN
2019-02-27,1628.1800537109375,1641.81005859375,1615.0999755859375,1641.0899658203125,1641.0899658203125,3148800,AMZN
2019-02-28,1635.25,1651.77001953125,1633.8299560546875,1639.8299560546875,1639.8299560546875,3025900,AMZN
2019-03-01,1655.1300048828125,1674.260009765625,1651.0,1671.72998046875,1671.72998046875,4974900,AMZN
2019-03-04,1685.0,1709.4300537109375,1674.3599853515625,1696.1700439453125,1696.1700439453125,6167400,AMZN
2019-03-05,1702.949951171875,1707.800048828125,1689.010009765625,1692.4300537109375,1692.4300537109375,3681500,AMZN
2019-03-06,1695.969970703125,1697.75,1668.280029296875,1668.949951171875,1668.949951171875,3996000,AMZN
2019-03-07,1667.3699951171875,1669.75,1620.510009765625,1625.949951171875,1625.949951171875,4957000,AMZN
2019-03-08,1604.010009765625,1622.719970703125,1586.5699462890625,1620.800048828125,1620.800048828125,4667000,AMZN
2019-03-11,1626.1199951171875,1672.2900390625,1626.010009765625,1670.6199951171875,1670.6199951171875,3876400,AMZN
2019-03-12,1669.0,1684.27001953125,1660.97998046875,1673.0999755859375,1673.0999755859375,3614500,AMZN
2019-03-13,1683.0,1700.0,1679.3499755859375,1690.81005859375,1690.81005859375,3552000,AMZN
2019-03-14,1691.199951171875,1702.0,1684.3399658203125,1686.219970703125,1686.219970703125,2946600,AMZN
2019-03-15,1703.0,1718.800048828125,1693.1300048828125,1712.3599853515625,1712.3599853515625,7550900,AMZN
2019-03-18,1712.699951171875,1750.0,1712.6300048828125,1742.1500244140625,1742.1500244140625,5429100,AMZN
2019-03-19,1753.510009765625,1784.1600341796875,1753.510009765625,1761.8499755859375,1761.8499755859375,6364200,AMZN
2019-03-20,1769.93994140625,1799.5,1767.030029296875,1797.27001953125,1797.27001953125,6265600,AMZN
2019-03-21,1796.260009765625,1823.75,1787.280029296875,1819.260009765625,1819.260009765625,5767800,AMZN
2019-03-22,1810.1700439453125,1818.97998046875,1763.1099853515625,1764.77001953125,1764.77001953125,6363000,AMZN
2019-03-25,1757.7900390625,1782.6800537109375,1747.5,1774.260009765625,1774.260009765625,5103800,AMZN
2019-03-26,1793.0,1805.77001953125,1773.3599853515625,1783.760009765625,1783.760009765625,4865900,AMZN
2019-03-27,1784.1300048828125,1787.5,1745.6800537109375,1765.699951171875,1765.699951171875,4324800,AMZN
2019-03-28,1770.0,1777.9300537109375,1753.469970703125,1773.4200439453125,1773.4200439453125,3043000,AMZN
2019-03-29,1786.5799560546875,1792.8599853515625,1776.6300048828125,1780.75,1780.75,3320800,AMZN
2019-04-01,1800.1099853515625,1815.6700439453125,1798.72998046875,1814.18994140625,1814.18994140625,4238800,AMZN
2019-04-02,1811.02001953125,1820.0,1805.1199951171875,1813.97998046875,1813.97998046875,3448100,AMZN
2019-04-03,1826.719970703125,1830.0,1809.6199951171875,1820.699951171875,1820.699951171875,3980600,AMZN
2019-04-04,1820.6500244140625,1828.75,1804.199951171875,1818.8599853515625,1818.8599853515625,3623900,AMZN
2019-04-05,1829.0,1838.5799560546875,1825.18994140625,1837.280029296875,1837.280029296875,3640500,AMZN
2019-04-08,1833.22998046875,1850.199951171875,1825.1099853515625,1849.8599853515625,1849.8599853515625,3752800,AMZN
2019-04-09,1845.489990234375,1853.0899658203125,1831.780029296875,1835.8399658203125,1835.8399658203125,3714400,AMZN
2019-04-10,1841.0,1848.0,1828.81005859375,1847.3299560546875,1847.3299560546875,2964000,AMZN
2019-04-11,1848.699951171875,1849.949951171875,1840.31005859375,1844.0699462890625,1844.0699462890625,2654800,AMZN
2019-04-12,1848.4000244140625,1851.5,1841.300048828125,1843.06005859375,1843.06005859375,3114400,AMZN
2019-04-15,1842.0,1846.8499755859375,1818.9000244140625,1844.8699951171875,1844.8699951171875,3724400,AMZN
2019-04-16,1851.3499755859375,1869.77001953125,1848.0,1863.0400390625,1863.0400390625,3044600,AMZN
2019-04-17,1872.989990234375,1876.469970703125,1860.43994140625,1864.8199462890625,1864.8199462890625,2893500,AMZN
2019-04-18,1868.7900390625,1870.8199462890625,1859.47998046875,1861.68994140625,1861.68994140625,2749900,AMZN
2019-04-22,1855.4000244140625,1888.4200439453125,1845.6400146484375,1887.31005859375,1887.31005859375,3373800,AMZN
2019-04-23,1891.199951171875,1929.260009765625,1889.5799560546875,1923.77001953125,1923.77001953125,4640400,AMZN
2019-04-24,1925.0,1929.68994140625,1898.1600341796875,1901.75,1901.75,3675800,AMZN
2019-04-25,1917.0,1922.449951171875,1900.31005859375,1902.25,1902.25,6099100,AMZN
2019-04-26,1929.0,1951.0,1898.0,1950.6300048828125,1950.6300048828125,8432600,AMZN
2019-04-29,1949.0,1956.3399658203125,1934.0899658203125,1938.4300537109375,1938.4300537109375,4021300,AMZN
2019-04-30,1930.0999755859375,1935.7099609375,1906.949951171875,1926.52001953125,1926.52001953125,3506000,AMZN
2019-05-01,1933.0899658203125,1943.6400146484375,1910.550048828125,1911.52001953125,1911.52001953125,3117000,AMZN
2019-05-02,1913.3299560546875,1921.550048828125,1881.8699951171875,1900.8199462890625,1900.8199462890625,3962900,AMZN
2019-05-03,1949.0,1964.4000244140625,1936.0,1962.4599609375,1962.4599609375,6381600,AMZN
2019-05-06,1917.97998046875,1959.0,1910.5,1950.550048828125,1950.550048828125,5417800,AMZN
2019-05-07,1939.989990234375,1949.0999755859375,1903.3800048828125,1921.0,1921.0,5902100,AMZN
2019-05-08,1918.8699951171875,1935.3699951171875,1910.0,1917.77001953125,1917.77001953125,4078600,AMZN
2019-05-09,1900.0,1909.4000244140625,1876.0,1899.8699951171875,1899.8699951171875,5308300,AMZN
2019-05-10,1898.0,1903.7900390625,1856.0,1889.97998046875,1889.97998046875,5718000,AMZN
2019-05-13,1836.56005859375,1846.5400390625,1818.0,1822.6800537109375,1822.6800537109375,5783400,AMZN
2019-05-14,1839.5,1852.43994140625,1815.75,1840.1199951171875,1840.1199951171875,4629100,AMZN
2019-05-15,1827.949951171875,1874.4300537109375,1823.0,1871.1500244140625,1871.1500244140625,4692600,AMZN
2019-05-16,1885.93994140625,1917.510009765625,1882.2900390625,1907.5699462890625,1907.5699462890625,4707800,AMZN
2019-05-17,1893.050048828125,1910.530029296875,1867.3299560546875,1869.0,1869.0,4736600,AMZN
2019-05-20,1852.68994140625,1867.780029296875,1835.5400390625,1858.969970703125,1858.969970703125,3798200,AMZN
2019-05-21,1874.7900390625,1879.0,1846.0,1857.52001953125,1857.52001953125,4005100,AMZN
2019-05-22,1851.780029296875,1871.489990234375,1851.0,1859.6800537109375,1859.6800537109375,2936600,AMZN
2019-05-23,1836.5899658203125,1844.0,1804.199951171875,1815.47998046875,1815.47998046875,4424300,AMZN
2019-05-24,1835.8900146484375,1841.760009765625,1817.8499755859375,1823.280029296875,1823.280029296875,3369700,AMZN
2019-05-28,1832.75,1849.27001953125,1827.3499755859375,1836.4300537109375,1836.4300537109375,3200000,AMZN
2019-05-29,1823.1199951171875,1830.0,1807.530029296875,1819.18994140625,1819.18994140625,4279000,AMZN
2019-05-30,1825.489990234375,1829.469970703125,1807.8299560546875,1816.3199462890625,1816.3199462890625,3146900,AMZN
2019-05-31,1790.010009765625,1795.5899658203125,1772.699951171875,1775.0699462890625,1775.0699462890625,4618800,AMZN
2019-06-03,1760.010009765625,1766.2900390625,1672.0,1692.68994140625,1692.68994140625,9098700,AMZN
2019-06-04,1699.239990234375,1730.8199462890625,1680.8900146484375,1729.56005859375,1729.56005859375,5679100,AMZN
2019-06-05,1749.5999755859375,1752.0,1715.25,1738.5,1738.5,4239800,AMZN
2019-06-06,1737.7099609375,1760.0,1726.1300048828125,1754.3599853515625,1754.3599853515625,3689300,AMZN
2019-06-07,1763.699951171875,1806.25,1759.489990234375,1804.030029296875,1804.030029296875,4808200,AMZN
2019-06-10,1822.0,1884.8699951171875,1818.0,1860.6300048828125,1860.6300048828125,5371000,AMZN
2019-06-11,1883.25,1893.699951171875,1858.0,1863.699951171875,1863.699951171875,4042700,AMZN
2019-06-12,1853.97998046875,1865.0,1844.3800048828125,1855.3199462890625,1855.3199462890625,2674500,AMZN
2019-06-13,1866.719970703125,1883.0899658203125,1862.219970703125,1870.300048828125,1870.300048828125,2795800,AMZN
2019-06-14,1864.0,1876.0,1859.0,1869.6700439453125,1869.6700439453125,2851200,AMZN
2019-06-17,1876.5,1895.68994140625,1875.449951171875,1886.030029296875,1886.030029296875,2634300,AMZN
2019-06-18,1901.3499755859375,1921.6700439453125,1899.7900390625,1901.3699951171875,1901.3699951171875,3895700,AMZN
2019-06-19,1907.8399658203125,1919.5799560546875,1892.469970703125,1908.7900390625,1908.7900390625,2895300,AMZN
2019-06-20,1933.3299560546875,1935.199951171875,1905.800048828125,1918.18994140625,1918.18994140625,3217200,AMZN
2019-06-21,1916.0999755859375,1925.949951171875,1907.5799560546875,1911.300048828125,1911.300048828125,3933600,AMZN
2019-06-24,1912.6600341796875,1916.8599853515625,1901.300048828125,1913.9000244140625,1913.9000244140625,2283000,AMZN
2019-06-25,1911.8399658203125,1916.3900146484375,1872.4200439453125,1878.27001953125,1878.27001953125,3012300,AMZN
2019-06-26,1892.47998046875,1903.800048828125,1887.3199462890625,1897.8299560546875,1897.8299560546875,2441900,AMZN
2019-06-27,1902.0,1911.239990234375,1898.0400390625,1904.280029296875,1904.280029296875,2141700,AMZN
2019-06-28,1909.0999755859375,1912.93994140625,1884.0,1893.6300048828125,1893.6300048828125,3037400,AMZN
2019-07-01,1922.97998046875,1929.8199462890625,1914.6600341796875,1922.18994140625,1922.18994140625,3203300,AMZN
2019-07-02,1919.3800048828125,1934.7900390625,1906.6300048828125,1934.31005859375,1934.31005859375,2645900,AMZN
2019-07-03,1935.8900146484375,1941.5899658203125,1930.5,1939.0,1939.0,1690300,AMZN
2019-07-05,1928.5999755859375,1945.9000244140625,1925.300048828125,1942.9100341796875,1942.9100341796875,2628400,AMZN
2019-07-08,1934.1199951171875,1956.0,1928.25,1952.3199462890625,1952.3199462890625,2883400,AMZN
2019-07-09,1947.800048828125,1990.010009765625,1943.47998046875,1988.300048828125,1988.300048828125,4345700,AMZN
2019-07-10,1996.510009765625,2024.93994140625,1995.4000244140625,2017.4100341796875,2017.4100341796875,4931900,AMZN
2019-07-11,2025.6199951171875,2035.800048828125,1995.300048828125,2001.0699462890625,2001.0699462890625,4317800,AMZN
2019-07-12,2008.27001953125,2017.0,2003.8699951171875,2011.0,2011.0,2509300,AMZN
2019-07-15,2021.4000244140625,2022.9000244140625,2001.550048828125,2020.989990234375,2020.989990234375,2981300,AMZN
2019-07-16,2010.5799560546875,2026.3199462890625,2001.219970703125,2009.9000244140625,2009.9000244140625,2618200,AMZN
2019-07-17,2007.050048828125,2012.0,1992.030029296875,1992.030029296875,1992.030029296875,2558800,AMZN
2019-07-18,1980.010009765625,1987.5,1951.550048828125,1977.9000244140625,1977.9000244140625,3504300,AMZN
2019-07-19,1991.2099609375,1996.0,1962.22998046875,1964.52001953125,1964.52001953125,3185600,AMZN
2019-07-22,1971.1400146484375,1989.0,1958.260009765625,1985.6300048828125,1985.6300048828125,2900000,AMZN
2019-07-23,1995.989990234375,1997.7900390625,1973.1300048828125,1994.489990234375,1994.489990234375,2703500,AMZN
2019-07-24,1969.300048828125,2001.300048828125,1965.8699951171875,2000.81005859375,2000.81005859375,2631300,AMZN
2019-07-25,2001.0,2001.199951171875,1972.719970703125,1973.8199462890625,1973.8199462890625,4136500,AMZN
2019-07-26,1942.0,1950.9000244140625,1924.510009765625,1943.050048828125,1943.050048828125,4927100,AMZN
2019-07-29,1930.0,1932.22998046875,1890.5400390625,1912.449951171875,1912.449951171875,4493200,AMZN
2019-07-30,1891.1199951171875,1909.8900146484375,1883.47998046875,1898.530029296875,1898.530029296875,2910900,AMZN
2019-07-31,1898.1099853515625,1899.550048828125,1849.43994140625,1866.780029296875,1866.780029296875,4470700,AMZN
2019-08-01,1871.719970703125,1897.9200439453125,1844.010009765625,1855.3199462890625,1855.3199462890625,4713300,AMZN
2019-08-02,1845.0699462890625,1846.3599853515625,1808.02001953125,1823.239990234375,1823.239990234375,4956200,AMZN
2019-08-05,1770.219970703125,1788.6700439453125,1748.780029296875,1765.1300048828125,1765.1300048828125,6058200,AMZN
2019-08-06,1792.22998046875,1793.77001953125,1753.4000244140625,1787.8299560546875,1787.8299560546875,5070300,AMZN
2019-08-07,1773.989990234375,1798.9300537109375,1757.0,1793.4000244140625,1793.4000244140625,4526900,AMZN
2019-08-08,1806.0,1834.260009765625,1798.1099853515625,1832.8900146484375,1832.8900146484375,3701200,AMZN
2019-08-09,1828.949951171875,1831.0899658203125,1802.219970703125,1807.5799560546875,1807.5799560546875,2879800,AMZN
2019-08-12,1795.989990234375,1800.97998046875,1777.0,1784.9200439453125,1784.9200439453125,2905500,AMZN
2019-08-13,1783.0,1831.739990234375,1780.0,1824.3399658203125,1824.3399658203125,3994000,AMZN
2019-08-14,1793.010009765625,1795.6500244140625,1757.219970703125,1762.9599609375,1762.9599609375,4893600,AMZN
2019-08-15,1781.989990234375,1788.0,1761.9599609375,1776.1199951171875,1776.1199951171875,3759100,AMZN
2019-08-16,1792.8900146484375,1802.9100341796875,1784.550048828125,1792.5699462890625,1792.5699462890625,3018000,AMZN
2019-08-19,1818.0799560546875,1826.0,1812.6099853515625,1816.1199951171875,1816.1199951171875,2816300,AMZN
2019-08-20,1814.5,1816.8199462890625,1799.8800048828125,1801.3800048828125,1801.3800048828125,1929500,AMZN
2019-08-21,1819.3900146484375,1829.5799560546875,1815.0,1823.5400390625,1823.5400390625,2031800,AMZN
2019-08-22,1828.0,1829.4100341796875,1800.0999755859375,1804.6600341796875,1804.6600341796875,2653500,AMZN
2019-08-23,1793.030029296875,1804.9000244140625,1745.22998046875,1749.6199951171875,1749.6199951171875,5270800,AMZN
2019-08-26,1766.9100341796875,1770.0,1743.510009765625,1768.8699951171875,1768.8699951171875,3080000,AMZN
2019-08-27,1775.72998046875,1779.4000244140625,1746.6800537109375,1761.8299560546875,1761.8299560546875,3019700,AMZN
2019-08-28,1755.0,1767.8599853515625,1744.050048828125,1764.25,1764.25,2419700,AMZN
2019-08-29,1783.0,1798.550048828125,1777.25,1786.4000244140625,1786.4000244140625,3015100,AMZN
2019-08-30,1797.489990234375,1799.739990234375,1764.5699462890625,1776.2900390625,1776.2900390625,3058700,AMZN
2019-09-03,1770.0,1800.800048828125,1768.0,1789.8399658203125,1789.8399658203125,3543000,AMZN
2019-09-04,1805.0,1807.6300048828125,1796.22998046875,1800.6199951171875,1800.6199951171875,2324100,AMZN
2019-09-05,1821.949951171875,1842.0,1815.5799560546875,1840.719970703125,1840.719970703125,3310800,AMZN
2019-09-06,1838.219970703125,1840.6500244140625,1826.4000244140625,1833.510009765625,1833.510009765625,2496900,AMZN
2019-09-09,1841.0,1850.0,1824.6099853515625,1831.3499755859375,1831.3499755859375,2999500,AMZN
2019-09-10,1822.75,1825.81005859375,1805.3399658203125,1820.550048828125,1820.550048828125,2613900,AMZN
2019-09-11,1812.1400146484375,1833.4200439453125,1809.0799560546875,1822.989990234375,1822.989990234375,2432800,AMZN
2019-09-12,1837.6300048828125,1853.6600341796875,1834.280029296875,1843.550048828125,1843.550048828125,2823500,AMZN
2019-09-13,1842.010009765625,1846.1199951171875,1835.1700439453125,1839.3399658203125,1839.3399658203125,1971300,AMZN
2019-09-16,1824.02001953125,1825.68994140625,1800.199951171875,1807.8399658203125,1807.8399658203125,3675500,AMZN
2019-09-17,1807.0799560546875,1823.989990234375,1804.0999755859375,1822.550048828125,1822.550048828125,1982400,AMZN
2019-09-18,1817.0400390625,1822.06005859375,1795.5,1817.4599609375,1817.4599609375,2505600,AMZN
2019-09-19,1821.02001953125,1832.5699462890625,1817.9000244140625,1821.5,1821.5,2031500,AMZN
2019-09-20,1821.7099609375,1830.6300048828125,1780.9200439453125,1794.1600341796875,1794.1600341796875,5341900,AMZN
2019-09-23,1777.0,1792.699951171875,1767.3199462890625,1785.300048828125,1785.300048828125,2922300,AMZN
2019-09-24,1790.6099853515625,1795.7099609375,1735.550048828125,1741.6099853515625,1741.6099853515625,4616000,AMZN
2019-09-25,1747.3599853515625,1773.0,1723.0,1768.3299560546875,1768.3299560546875,3493200,AMZN
2019-09-26,1762.7900390625,1763.3699951171875,1731.5,1739.8399658203125,1739.8399658203125,3536800,AMZN
2019-09-27,1748.0,1749.1199951171875,1713.8199462890625,1725.449951171875,1725.449951171875,3907200,AMZN
2019-09-30,1726.989990234375,1737.4599609375,1709.219970703125,1735.9100341796875,1735.9100341796875,2644700,AMZN
2019-10-01,1746.0,1755.5999755859375,1728.4100341796875,1735.6500244140625,1735.6500244140625,3084500,AMZN
2019-10-02,1727.739990234375,1728.8900146484375,1705.0,1713.22998046875,1713.22998046875,3301100,AMZN
2019-10-03,1713.0,1725.0,1685.06005859375,1724.4200439453125,1724.4200439453125,3468200,AMZN
2019-10-04,1726.02001953125,1740.5799560546875,1719.22998046875,1739.6500244140625,1739.6500244140625,2471900,AMZN
2019-10-07,1731.6300048828125,1747.8299560546875,1723.699951171875,1732.6600341796875,1732.6600341796875,2154700,AMZN
2019-10-08,1722.489990234375,1727.0,1705.0,1705.510009765625,1705.510009765625,2542000,AMZN
2019-10-09,1719.6099853515625,1729.949951171875,1714.3599853515625,1721.989990234375,1721.989990234375,2043500,AMZN
2019-10-10,1725.239990234375,1738.2900390625,1713.75,1720.260009765625,1720.260009765625,2575200,AMZN
2019-10-11,1742.9200439453125,1745.449951171875,1729.8599853515625,1731.9200439453125,1731.9200439453125,3255000,AMZN
2019-10-14,1728.9100341796875,1741.8900146484375,1722.0,1736.4300537109375,1736.4300537109375,1910200,AMZN
2019-10-15,1742.1400146484375,1776.449951171875,1740.6199951171875,1767.3800048828125,1767.3800048828125,3111700,AMZN
2019-10-16,1773.3299560546875,1786.239990234375,1770.52001953125,1777.4300537109375,1777.4300537109375,2763400,AMZN
2019-10-17,1796.489990234375,1798.8499755859375,1782.02001953125,1787.47998046875,1787.47998046875,2647400,AMZN
2019-10-18,1787.800048828125,1793.97998046875,1749.199951171875,1757.510009765625,1757.510009765625,3362500,AMZN
2019-10-21,1769.6600341796875,1785.8800048828125,1765.0,1785.6600341796875,1785.6600341796875,2130400,AMZN
2019-10-22,1788.1500244140625,1789.780029296875,1762.0,1765.72998046875,1765.72998046875,2111700,AMZN
2019-10-23,1761.300048828125,1770.050048828125,1742.0,1762.1700439453125,1762.1700439453125,2138200,AMZN
2019-10-24,1771.0899658203125,1788.3399658203125,1760.27001953125,1780.780029296875,1780.780029296875,4446100,AMZN
2019-10-25,1697.550048828125,1764.2099609375,1695.0,1761.3299560546875,1761.3299560546875,9626400,AMZN
2019-10-28,1748.06005859375,1778.699951171875,1742.5,1777.0799560546875,1777.0799560546875,3708900,AMZN
2019-10-29,1774.81005859375,1777.0,1755.81005859375,1762.7099609375,1762.7099609375,2276900,AMZN
2019-10-30,1760.239990234375,1782.3800048828125,1759.1199951171875,1779.989990234375,1779.989990234375,2449400,AMZN
2019-10-31,1775.989990234375,1792.0,1771.47998046875,1776.6600341796875,1776.6600341796875,2781200,AMZN
2019-11-01,1788.010009765625,1797.449951171875,1785.2099609375,1791.43994140625,1791.43994140625,2790400,AMZN
2019-11-04,1801.010009765625,1815.06005859375,1801.010009765625,1804.6600341796875,1804.6600341796875,2771900,AMZN
2019-11-05,1809.1600341796875,1810.25,1794.0,1801.7099609375,1801.7099609375,1885500,AMZN
2019-11-06,1801.0,1802.5,1788.5799560546875,1795.77001953125,1795.77001953125,2029800,AMZN
2019-11-07,1803.760009765625,1805.9000244140625,1783.47998046875,1788.199951171875,1788.199951171875,2651100,AMZN
2019-11-08,1787.8900146484375,1789.8800048828125,1774.0400390625,1785.8800048828125,1785.8800048828125,2123300,AMZN
2019-11-11,1778.0,1780.0,1767.1300048828125,1771.6500244140625,1771.6500244140625,1946000,AMZN
2019-11-12,1774.6600341796875,1786.219970703125,1771.9100341796875,1778.0,1778.0,2037600,AMZN
2019-11-13,1773.3900146484375,1775.0,1747.3199462890625,1753.1099853515625,1753.1099853515625,2989500,AMZN
2019-11-14,1751.4300537109375,1766.5899658203125,1749.56005859375,1754.5999755859375,1754.5999755859375,2264800,AMZN
2019-11-15,1760.050048828125,1761.6800537109375,1732.8599853515625,1739.489990234375,1739.489990234375,3927600,AMZN
2019-11-18,1738.300048828125,1753.699951171875,1722.7099609375,1752.530029296875,1752.530029296875,2839500,AMZN
2019-11-19,1756.989990234375,1760.6800537109375,1743.030029296875,1752.7900390625,1752.7900390625,2270800,AMZN
2019-11-20,1749.1400146484375,1762.52001953125,1734.1199951171875,1745.530029296875,1745.530029296875,2790000,AMZN
2019-11-21,1743.0,1746.8699951171875,1730.3599853515625,1734.7099609375,1734.7099609375,2662900,AMZN
2019-11-22,1739.02001953125,1746.4300537109375,1731.0,1745.719970703125,1745.719970703125,2479100,AMZN
2019-11-25,1753.25,1777.4200439453125,1753.239990234375,1773.8399658203125,1773.8399658203125,3486200,AMZN
2019-11-26,1779.9200439453125,1797.030029296875,1778.3499755859375,1796.93994140625,1796.93994140625,3181200,AMZN
2019-11-27,1801.0,1824.5,1797.31005859375,1818.510009765625,1818.510009765625,3025600,AMZN
2019-11-29,1817.780029296875,1824.68994140625,1800.7900390625,1800.800048828125,1800.800048828125,1923400,AMZN
2019-12-02,1804.4000244140625,1805.550048828125,1762.6800537109375,1781.5999755859375,1781.5999755859375,3925600,AMZN
2019-12-03,1760.0,1772.8699951171875,1747.22998046875,1769.9599609375,1769.9599609375,3380900,AMZN
2019-12-04,1774.010009765625,1789.0899658203125,1760.219970703125,1760.68994140625,1760.68994140625,2670100,AMZN
2019-12-05,1763.5,1763.5,1740.0,1740.47998046875,1740.47998046875,2823800,AMZN
2019-12-06,1751.199951171875,1754.4000244140625,1740.1300048828125,1751.5999755859375,1751.5999755859375,3117400,AMZN
2019-12-09,1750.6600341796875,1766.8900146484375,1745.6099853515625,1749.510009765625,1749.510009765625,2442800,AMZN
2019-12-10,1747.4000244140625,1750.6700439453125,1735.0,1739.2099609375,1739.2099609375,2514300,AMZN
2019-12-11,1741.6700439453125,1750.0,1735.7099609375,1748.719970703125,1748.719970703125,2097600,AMZN
2019-12-12,1750.0,1764.0,1745.43994140625,1760.3299560546875,1760.3299560546875,3095900,AMZN
2019-12-13,1765.0,1768.989990234375,1755.0,1760.93994140625,1760.93994140625,2745700,AMZN
2019-12-16,1767.0,1769.5,1757.050048828125,1769.2099609375,1769.2099609375,3145200,AMZN
2019-12-17,1778.010009765625,1792.0,1777.3900146484375,1790.6600341796875,1790.6600341796875,3644400,AMZN
2019-12-18,1795.02001953125,1798.199951171875,1782.3599853515625,1784.030029296875,1784.030029296875,3351400,AMZN
2019-12-19,1780.5,1792.989990234375,1774.06005859375,1792.280029296875,1792.280029296875,2652800,AMZN
2019-12-20,1799.6199951171875,1802.969970703125,1782.449951171875,1786.5,1786.5,5150800,AMZN
2019-12-23,1788.260009765625,1793.0,1784.510009765625,1793.0,1793.0,2136400,AMZN
2019-12-24,1793.81005859375,1795.5699462890625,1787.5799560546875,1789.2099609375,1789.2099609375,881300,AMZN
2019-12-26,1801.010009765625,1870.4599609375,1799.5,1868.77001953125,1868.77001953125,6005400,AMZN
2019-12-27,1882.9200439453125,1901.4000244140625,1866.010009765625,1869.800048828125,1869.800048828125,6186600,AMZN
2019-12-30,1874.0,1884.0,1840.6199951171875,1846.8900146484375,1846.8900146484375,3674700,AMZN
2019-12-31,1842.0,1853.260009765625,1832.22998046875,1847.8399658203125,1847.8399658203125,2506500,AMZN
2020-01-02,1875.0,1898.010009765625,1864.1500244140625,1898.010009765625,1898.010009765625,4029000,AMZN
2020-01-03,1864.5,1886.199951171875,1864.5,1874.969970703125,1874.969970703125,3764400,AMZN
2020-01-06,1860.0,1903.68994140625,1860.0,1902.8800048828125,1902.8800048828125,4061800,AMZN
2020-01-07,1904.5,1913.8900146484375,1892.0400390625,1906.8599853515625,1906.8599853515625,4044900,AMZN
2020-01-08,1898.0400390625,1911.0,1886.43994140625,1891.969970703125,1891.969970703125,3508000,AMZN
2020-01-09,1909.8900146484375,1917.8199462890625,1895.800048828125,1901.050048828125,1901.050048828125,3167300,AMZN
2020-01-10,1905.3699951171875,1906.93994140625,1880.0,1883.1600341796875,1883.1600341796875,2853700,AMZN
2020-01-13,1891.31005859375,1898.0,1880.800048828125,1891.300048828125,1891.300048828125,2780800,AMZN
2020-01-14,1885.8800048828125,1887.1099853515625,1858.550048828125,1869.43994140625,1869.43994140625,3440900,AMZN
2020-01-15,1872.25,1878.8599853515625,1855.0899658203125,1862.02001953125,1862.02001953125,2896600,AMZN
2020-01-16,1882.989990234375,1885.5899658203125,1866.02001953125,1877.93994140625,1877.93994140625,2659500,AMZN
2020-01-17,1885.8900146484375,1886.6400146484375,1857.25,1864.719970703125,1864.719970703125,3997300,AMZN
2020-01-21,1865.0,1894.27001953125,1860.0,1892.0,1892.0,3707800,AMZN
2020-01-22,1896.0899658203125,1902.5,1883.3399658203125,1887.4599609375,1887.4599609375,3216300,AMZN
2020-01-23,1885.1099853515625,1889.97998046875,1872.760009765625,1884.5799560546875,1884.5799560546875,2484600,AMZN
2020-01-24,1891.3699951171875,1894.989990234375,1847.43994140625,1861.6400146484375,1861.6400146484375,3766200,AMZN
2020-01-27,1820.0,1841.0,1815.3399658203125,1828.3399658203125,1828.3399658203125,3528500,AMZN
2020-01-28,1840.5,1858.1099853515625,1830.02001953125,1853.25,1853.25,2808000,AMZN
2020-01-29,1864.0,1874.75,1855.02001953125,1858.0,1858.0,2088000,AMZN
2020-01-30,1858.0,1872.8699951171875,1850.6099853515625,1870.6800537109375,1870.6800537109375,6327400,AMZN
2020-01-31,2051.469970703125,2055.719970703125,2002.27001953125,2008.719970703125,2008.719970703125,15567300,AMZN
2020-02-03,2010.5999755859375,2048.5,2000.25,2004.199951171875,2004.199951171875,5899100,AMZN
2020-02-04,2029.8800048828125,2059.800048828125,2015.3699951171875,2049.669921875,2049.669921875,5289300,AMZN
2020-02-05,2071.02001953125,2071.02001953125,2032.0,2039.8699951171875,2039.8699951171875,4376200,AMZN
2020-02-06,2041.02001953125,2056.300048828125,2024.800048828125,2050.22998046875,2050.22998046875,3183000,AMZN
2020-02-07,2041.989990234375,2098.530029296875,2038.0999755859375,2079.280029296875,2079.280029296875,5095300,AMZN
2020-02-10,2085.010009765625,2135.60009765625,2084.9599609375,2133.909912109375,2133.909912109375,5056200,AMZN
2020-02-11,2150.89990234375,2185.949951171875,2136.0,2150.800048828125,2150.800048828125,5746000,AMZN
2020-02-12,2163.199951171875,2180.25,2155.2900390625,2160.0,2160.0,3334300,AMZN
2020-02-13,2144.989990234375,2170.280029296875,2142.0,2149.8701171875,2149.8701171875,3031800,AMZN
2020-02-14,2155.679931640625,2159.0400390625,2125.889892578125,2134.8701171875,2134.8701171875,2606200,AMZN
2020-02-18,2125.02001953125,2166.070068359375,2124.110107421875,2155.669921875,2155.669921875,2945600,AMZN
2020-02-19,2167.800048828125,2185.10009765625,2161.1201171875,2170.219970703125,2170.219970703125,2561200,AMZN
2020-02-20,2173.070068359375,2176.7900390625,2127.449951171875,2153.10009765625,2153.10009765625,3131300,AMZN
2020-02-21,2142.14990234375,2144.550048828125,2088.0,2095.969970703125,2095.969970703125,4646300,AMZN
2020-02-24,2003.1800537109375,2039.300048828125,1987.969970703125,2009.2900390625,2009.2900390625,6547000,AMZN
2020-02-25,2026.4200439453125,2034.5999755859375,1958.4200439453125,1972.739990234375,1972.739990234375,6219100,AMZN
2020-02-26,1970.280029296875,2014.6700439453125,1960.449951171875,1979.5899658203125,1979.5899658203125,5224600,AMZN
2020-02-27,1934.3800048828125,1975.0,1882.760009765625,1884.300048828125,1884.300048828125,8144000,AMZN
2020-02-28,1814.6300048828125,1889.760009765625,1811.1300048828125,1883.75,1883.75,9493800,AMZN
2020-03-02,1906.489990234375,1954.510009765625,1870.0,1953.949951171875,1953.949951171875,6761700,AMZN
2020-03-03,1975.3699951171875,1996.3299560546875,1888.0899658203125,1908.989990234375,1908.989990234375,7534500,AMZN
2020-03-04,1946.5699462890625,1978.0,1922.0,1975.8299560546875,1975.8299560546875,4772900,AMZN
2020-03-05,1933.0,1960.719970703125,1910.0,1924.030029296875,1924.030029296875,4748200,AMZN
2020-03-06,1875.0,1910.8699951171875,1869.5,1901.0899658203125,1901.0899658203125,5273600,AMZN
2020-03-09,1773.8599853515625,1862.77001953125,1761.2900390625,1800.6099853515625,1800.6099853515625,7813200,AMZN
2020-03-10,1870.8800048828125,1894.27001953125,1818.1700439453125,1891.8199462890625,1891.8199462890625,7133300,AMZN
2020-03-11,1857.8499755859375,1871.3199462890625,1801.5,1820.8599853515625,1820.8599853515625,5624800,AMZN
2020-03-12,1721.97998046875,1765.0,1675.0,1676.6099853515625,1676.6099853515625,11346200,AMZN
2020-03-13,1755.0,1786.31005859375,1680.6199951171875,1785.0,1785.0,8809700,AMZN
2020-03-16,1641.510009765625,1759.449951171875,1626.030029296875,1689.1500244140625,1689.1500244140625,8917300,AMZN
2020-03-17,1775.469970703125,1857.780029296875,1689.239990234375,1807.8399658203125,1807.8399658203125,10917100,AMZN
2020-03-18,1750.0,1841.6600341796875,1745.0,1830.0,1830.0,9645200,AMZN
2020-03-19,1860.0,1945.0,1832.6500244140625,1880.9300537109375,1880.9300537109375,10399900,AMZN
2020-03-20,1926.31005859375,1957.0,1820.72998046875,1846.0899658203125,1846.0899658203125,9817900,AMZN
2020-03-23,1827.75,1919.4000244140625,1812.0,1902.8299560546875,1902.8299560546875,7808500,AMZN
2020-03-24,1951.5,1955.0,1900.3399658203125,1940.0999755859375,1940.0999755859375,7147100,AMZN
2020-03-25,1920.68994140625,1950.260009765625,1885.780029296875,1885.8399658203125,1885.8399658203125,6479100,AMZN
2020-03-26,1902.0,1956.489990234375,1889.2900390625,1955.489990234375,1955.489990234375,6221300,AMZN
2020-03-27,1930.8599853515625,1939.7900390625,1899.9200439453125,1900.0999755859375,1900.0999755859375,5387900,AMZN
2020-03-30,1922.8299560546875,1973.6300048828125,1912.3399658203125,1963.949951171875,1963.949951171875,6126100,AMZN
2020-03-31,1964.3499755859375,1993.02001953125,1944.010009765625,1949.719970703125,1949.719970703125,5123600,AMZN
2020-04-01,1932.969970703125,1944.9599609375,1893.0,1907.699951171875,1907.699951171875,4121900,AMZN
2020-04-02,1901.6400146484375,1927.530029296875,1890.0,1918.8299560546875,1918.8299560546875,4336000,AMZN
2020-04-03,1911.1500244140625,1926.3299560546875,1889.1500244140625,1906.5899658203125,1906.5899658203125,3609900,AMZN
2020-04-06,1936.0,1998.52001953125,1930.02001953125,1997.5899658203125,1997.5899658203125,5773200,AMZN
2020-04-07,2017.1099853515625,2035.719970703125,1997.6199951171875,2011.5999755859375,2011.5999755859375,5114000,AMZN
2020-04-08,2021.0,2044.0,2011.1500244140625,2043.0,2043.0,3977300,AMZN
2020-04-09,2044.300048828125,2053.0,2017.6600341796875,2042.760009765625,2042.760009765625,4655600,AMZN
2020-04-13,2040.0,2180.0,2038.0,2168.8701171875,2168.8701171875,6716700,AMZN
2020-04-14,2200.469970703125,2292.0,2186.2099609375,2283.320068359375,2283.320068359375,8087200,AMZN
2020-04-15,2257.679931640625,2333.3701171875,2245.0,2307.679931640625,2307.679931640625,6866600,AMZN
2020-04-16,2346.0,2461.0,2335.0,2408.18994140625,2408.18994140625,12038200,AMZN
2020-04-17,2372.330078125,2400.0,2316.02001953125,2375.0,2375.0,7930000,AMZN
2020-04-20,2389.949951171875,2444.97998046875,2386.050048828125,2393.610107421875,2393.610107421875,5770700,AMZN
2020-04-21,2416.610107421875,2428.31005859375,2279.659912109375,2328.1201171875,2328.1201171875,7476700,AMZN
2020-04-22,2369.0,2394.0,2351.0,2363.489990234375,2363.489990234375,4218300,AMZN
2020-04-23,2399.97998046875,2424.219970703125,2382.080078125,2399.449951171875,2399.449951171875,5066600,AMZN
2020-04-24,2417.0,2420.429931640625,2382.0,2410.219970703125,2410.219970703125,3831800,AMZN
2020-04-27,2443.199951171875,2444.8798828125,2363.0,2376.0,2376.0,5645600,AMZN
2020-04-28,2372.10009765625,2373.5,2306.0,2314.080078125,2314.080078125,5269400,AMZN
2020-04-29,2330.010009765625,2391.889892578125,2310.0,2372.7099609375,2372.7099609375,4591600,AMZN
2020-04-30,2419.840087890625,2475.0,2396.010009765625,2474.0,2474.0,9415000,AMZN
2020-05-01,2336.800048828125,2362.43994140625,2258.18994140625,2286.0400390625,2286.0400390625,9772600,AMZN
2020-05-04,2256.3798828125,2326.97998046875,2256.3798828125,2315.989990234375,2315.989990234375,4865900,AMZN
2020-05-05,2340.0,2351.0,2307.1298828125,2317.800048828125,2317.800048828125,3242500,AMZN
2020-05-06,2329.43994140625,2357.449951171875,2320.0,2351.260009765625,2351.260009765625,3117800,AMZN
2020-05-07,2374.780029296875,2376.0,2343.110107421875,2367.610107421875,2367.610107421875,3396400,AMZN
2020-05-08,2372.139892578125,2387.239990234375,2357.0,2379.610107421875,2379.610107421875,3211200,AMZN
2020-05-11,2374.699951171875,2419.669921875,2372.110107421875,2409.0,2409.0,3259200,AMZN
2020-05-12,2411.85009765625,2419.0,2355.0,2356.949951171875,2356.949951171875,3074900,AMZN
2020-05-13,2366.800048828125,2407.699951171875,2337.800048828125,2367.919921875,2367.919921875,4782900,AMZN
2020-05-14,2361.010009765625,2391.3701171875,2353.2099609375,2388.85009765625,2388.85009765625,3648100,AMZN
2020-05-15,2368.52001953125,2411.0,2356.3701171875,2409.780029296875,2409.780029296875,4235000,AMZN
2020-05-18,2404.35009765625,2433.0,2384.010009765625,2426.260009765625,2426.260009765625,4366600,AMZN
2020-05-19,2429.830078125,2485.0,2428.969970703125,2449.330078125,2449.330078125,4320500,AMZN
2020-05-20,2477.8701171875,2500.010009765625,2467.27001953125,2497.93994140625,2497.93994140625,3998100,AMZN
2020-05-21,2500.0,2525.449951171875,2442.5400390625,2446.739990234375,2446.739990234375,5114400,AMZN
2020-05-22,2455.010009765625,2469.85009765625,2430.1298828125,2436.8798828125,2436.8798828125,2867100,AMZN
2020-05-26,2458.0,2462.0,2414.06005859375,2421.860107421875,2421.860107421875,3568200,AMZN
2020-05-27,2404.989990234375,2413.580078125,2330.0,2410.389892578125,2410.389892578125,5056900,AMZN
2020-05-28,2384.330078125,2436.969970703125,2378.22998046875,2401.10009765625,2401.10009765625,3190200,AMZN
2020-05-29,2415.93994140625,2442.3701171875,2398.199951171875,2442.3701171875,2442.3701171875,3529300,AMZN
2020-06-01,2448.0,2476.929931640625,2444.169921875,2471.0400390625,2471.0400390625,2928900,AMZN
2020-06-02,2467.0,2473.530029296875,2445.31005859375,2472.409912109375,2472.409912109375,2529900,AMZN
2020-06-03,2468.010009765625,2488.0,2461.169921875,2478.39990234375,2478.39990234375,2671000,AMZN
2020-06-04,2477.429931640625,2507.5400390625,2450.010009765625,2460.60009765625,2460.60009765625,2948700,AMZN
2020-06-05,2444.510009765625,2488.64990234375,2437.1298828125,2483.0,2483.0,3306400,AMZN
2020-06-08,2500.199951171875,2530.0,2487.340087890625,2524.06005859375,2524.06005859375,3970700,AMZN
2020-06-09,2529.43994140625,2626.429931640625,2525.0,2600.860107421875,2600.860107421875,5176000,AMZN
2020-06-10,2645.0,2722.35009765625,2626.260009765625,2647.449951171875,2647.449951171875,4946000,AMZN
2020-06-11,2603.5,2671.3798828125,2536.22998046875,2557.9599609375,2557.9599609375,5800100,AMZN
2020-06-12,2601.2099609375,2621.47998046875,2503.35009765625,2545.02001953125,2545.02001953125,5429600,AMZN
2020-06-15,2526.60009765625,2584.0,2508.0,2572.679931640625,2572.679931640625,3865100,AMZN
2020-06-16,2620.0,2620.0,2576.0,2615.27001953125,2615.27001953125,3585600,AMZN
2020-06-17,2647.5,2655.0,2631.820068359375,2640.97998046875,2640.97998046875,2951100,AMZN
2020-06-18,2647.010009765625,2659.639892578125,2636.110107421875,2653.97998046875,2653.97998046875,2487800,AMZN
2020-06-19,2678.080078125,2697.429931640625,2659.0,2675.010009765625,2675.010009765625,5777000,AMZN
2020-06-22,2684.5,2715.0,2669.0,2713.820068359375,2713.820068359375,3208800,AMZN
2020-06-23,2726.02001953125,2783.110107421875,2718.0400390625,2764.409912109375,2764.409912109375,4231700,AMZN
2020-06-24,2780.0,2796.0,2721.0,2734.39990234375,2734.39990234375,4526600,AMZN
2020-06-25,2739.550048828125,2756.22998046875,2712.139892578125,2754.580078125,2754.580078125,2968700,AMZN
2020-06-26,2775.06005859375,2782.570068359375,2688.0,2692.8701171875,2692.8701171875,6500800,AMZN
2020-06-29,2690.010009765625,2696.800048828125,2630.080078125,2680.3798828125,2680.3798828125,4223400,AMZN
2020-06-30,2685.070068359375,2769.6298828125,2675.030029296875,2758.820068359375,2758.820068359375,3769700,AMZN
2020-07-01,2757.989990234375,2895.0,2754.0,2878.699951171875,2878.699951171875,6363400,AMZN
2020-07-02,2912.010009765625,2955.56005859375,2871.10009765625,2890.300048828125,2890.300048828125,6593400,AMZN
2020-07-06,2934.969970703125,3059.8798828125,2930.0,3057.0400390625,3057.0400390625,6880600,AMZN
2020-07-07,3058.550048828125,3069.550048828125,2990.0,3000.1201171875,3000.1201171875,5257500,AMZN
2020-07-08,3022.610107421875,3083.969970703125,3012.429931640625,3081.110107421875,3081.110107421875,5037600,AMZN
2020-07-09,3115.989990234375,3193.8798828125,3074.0,3182.6298828125,3182.6298828125,6388700,AMZN
2020-07-10,3191.760009765625,3215.0,3135.699951171875,3200.0,3200.0,5486000,AMZN
2020-07-13,3251.06005859375,3344.2900390625,3068.389892578125,3104.0,3104.0,7720400,AMZN
2020-07-14,3089.0,3127.3798828125,2950.0,3084.0,3084.0,7231900,AMZN
2020-07-15,3080.22998046875,3098.35009765625,2973.179931640625,3008.8701171875,3008.8701171875,5788900,AMZN
2020-07-16,2971.06005859375,3032.0,2918.22998046875,2999.89990234375,2999.89990234375,6394200,AMZN
2020-07-17,3009.0,3024.0,2948.449951171875,2961.969970703125,2961.969970703125,4761300,AMZN
2020-07-20,3000.199951171875,3201.360107421875,2994.02001953125,3196.840087890625,3196.840087890625,7598200,AMZN
2020-07-21,3232.489990234375,3240.580078125,3105.719970703125,3138.2900390625,3138.2900390625,6135000,AMZN
2020-07-22,3125.0,3150.0,3065.260009765625,3099.909912109375,3099.909912109375,4104200,AMZN
2020-07-23,3098.27001953125,3098.27001953125,2970.0,2986.550048828125,2986.550048828125,5656900,AMZN
2020-07-24,2930.0,3031.580078125,2888.0,3008.909912109375,3008.909912109375,5632400,AMZN
2020-07-27,3062.0,3098.0,3015.77001953125,3055.2099609375,3055.2099609375,4170500,AMZN
2020-07-28,3054.27001953125,3077.090087890625,2995.760009765625,3000.330078125,3000.330078125,3126700,AMZN
2020-07-29,3030.989990234375,3039.159912109375,2996.77001953125,3033.530029296875,3033.530029296875,2974100,AMZN
2020-07-30,3014.0,3092.0,3005.0,3051.8798828125,3051.8798828125,6128300,AMZN
2020-07-31,3244.0,3246.820068359375,3151.0,3164.679931640625,3164.679931640625,8085500,AMZN
2020-08-03,3180.510009765625,3184.0,3104.0,3111.889892578125,3111.889892578125,5074700,AMZN
2020-08-04,3101.2099609375,3167.239990234375,3101.2099609375,3138.830078125,3138.830078125,4694300,AMZN
2020-08-05,3143.77001953125,3213.590087890625,3127.300048828125,3205.030029296875,3205.030029296875,3930000,AMZN
2020-08-06,3194.360107421875,3247.469970703125,3165.429931640625,3225.0,3225.0,3940600,AMZN
2020-08-07,3224.010009765625,3240.81005859375,3140.669921875,3167.4599609375,3167.4599609375,3929600,AMZN
2020-08-10,3170.31005859375,3172.510009765625,3101.52001953125,3148.159912109375,3148.159912109375,3167300,AMZN
2020-08-11,3113.199951171875,3159.219970703125,3073.0,3080.669921875,3080.669921875,3718100,AMZN
2020-08-12,3108.0,3174.389892578125,3101.419921875,3162.239990234375,3162.239990234375,3527200,AMZN
2020-08-13,3182.989990234375,3217.52001953125,3155.0,3161.02001953125,3161.02001953125,3149000,AMZN
2020-08-14,3178.179931640625,3178.239990234375,3120.0,3148.02001953125,3148.02001953125,2751700,AMZN
2020-08-17,3173.1201171875,3194.969970703125,3154.179931640625,3182.409912109375,3182.409912109375,2691200,AMZN
2020-08-18,3212.0,3320.0,3205.820068359375,3312.489990234375,3312.489990234375,5346000,AMZN
2020-08-19,3303.010009765625,3315.89990234375,3256.0,3260.47998046875,3260.47998046875,4185100,AMZN
2020-08-20,3252.0,3312.6201171875,3238.0,3297.3701171875,3297.3701171875,3332500,AMZN
2020-08-21,3295.0,3314.39990234375,3275.389892578125,3284.719970703125,3284.719970703125,3575900,AMZN
2020-08-24,3310.14990234375,3380.320068359375,3257.56005859375,3307.4599609375,3307.4599609375,4666300,AMZN
2020-08-25,3294.989990234375,3357.39990234375,3267.0,3346.489990234375,3346.489990234375,3992800,AMZN
2020-08-26,3351.110107421875,3451.739990234375,3344.570068359375,3441.85009765625,3441.85009765625,6508700,AMZN
2020-08-27,3450.050048828125,3453.0,3378.0,3400.0,3400.0,4264800,AMZN
2020-08-28,3423.0,3433.3701171875,3386.5,3401.800048828125,3401.800048828125,2897000,AMZN
2020-08-31,3408.989990234375,3495.0,3405.0,3450.9599609375,3450.9599609375,4185900,AMZN
2020-09-01,3489.580078125,3513.8701171875,3467.0,3499.1201171875,3499.1201171875,3476400,AMZN
2020-09-02,3547.0,3552.25,3486.68994140625,3531.449951171875,3531.449951171875,3931500,AMZN
2020-09-03,3485.0,3488.409912109375,3303.0,3368.0,3368.0,8161100,AMZN
2020-09-04,3318.0,3381.5,3111.1298828125,3294.6201171875,3294.6201171875,8781800,AMZN
2020-09-08,3144.0,3250.85009765625,3130.0,3149.840087890625,3149.840087890625,6094200,AMZN
2020-09-09,3202.989990234375,3303.179931640625,3185.0,3268.610107421875,3268.610107421875,5188700,AMZN
2020-09-10,3307.219970703125,3349.889892578125,3170.550048828125,3175.110107421875,3175.110107421875,5330700,AMZN
2020-09-11,3208.68994140625,3217.340087890625,3083.97998046875,3116.219970703125,3116.219970703125,5094000,AMZN
2020-09-14,3172.93994140625,3187.389892578125,3096.0,3102.969970703125,3102.969970703125,4529600,AMZN
2020-09-15,3136.159912109375,3175.02001953125,3108.919921875,3156.1298828125,3156.1298828125,4021500,AMZN
2020-09-16,3179.989990234375,3187.239990234375,3074.14990234375,3078.10009765625,3078.10009765625,4512200,AMZN
2020-09-17,3009.25,3029.429931640625,2972.550048828125,3008.72998046875,3008.72998046875,6449100,AMZN
2020-09-18,3031.739990234375,3037.800048828125,2905.5400390625,2954.909912109375,2954.909912109375,8892600,AMZN
2020-09-21,2906.5,2962.0,2871.0,2960.469970703125,2960.469970703125,6117900,AMZN
2020-09-22,3033.840087890625,3133.989990234375,3000.199951171875,3128.989990234375,3128.989990234375,6948800,AMZN
2020-09-23,3120.429931640625,3127.0,2992.3798828125,2999.860107421875,2999.860107421875,5652700,AMZN
2020-09-24,2977.7900390625,3069.300048828125,2965.0,3019.7900390625,3019.7900390625,5529400,AMZN
2020-09-25,3054.860107421875,3101.5400390625,2999.0,3095.1298828125,3095.1298828125,4615200,AMZN
2020-09-28,3148.85009765625,3175.0400390625,3117.169921875,3174.050048828125,3174.050048828125,4224200,AMZN
2020-09-29,3175.389892578125,3188.260009765625,3132.5400390625,3144.8798828125,3144.8798828125,3495800,AMZN
2020-09-30,3141.139892578125,3212.8798828125,3133.989990234375,3148.72998046875,3148.72998046875,4883400,AMZN
2020-10-01,3208.0,3224.0,3172.0,3221.260009765625,3221.260009765625,4971900,AMZN
2020-10-02,3153.6298828125,3195.800048828125,3123.0,3125.0,3125.0,5613100,AMZN
2020-10-05,3145.840087890625,3202.530029296875,3140.85009765625,3199.199951171875,3199.199951171875,3775300,AMZN
2020-10-06,3165.0,3182.0,3090.0,3099.9599609375,3099.9599609375,5086900,AMZN
2020-10-07,3135.0,3200.0,3132.389892578125,3195.68994140625,3195.68994140625,4309400,AMZN
2020-10-08,3224.989990234375,3233.2900390625,3174.989990234375,3190.550048828125,3190.550048828125,3174100,AMZN
2020-10-09,3210.0,3288.989990234375,3197.830078125,3286.64990234375,3286.64990234375,4907900,AMZN
2020-10-12,3349.93994140625,3496.239990234375,3339.550048828125,3442.929931640625,3442.929931640625,8364200,AMZN
2020-10-13,3467.989990234375,3492.3798828125,3424.219970703125,3443.6298828125,3443.6298828125,5744700,AMZN
2020-10-14,3447.0,3464.8798828125,3340.0,3363.7099609375,3363.7099609375,5828900,AMZN
2020-10-15,3292.010009765625,3355.8798828125,3280.0,3338.64990234375,3338.64990234375,5223400,AMZN
2020-10-16,3363.22998046875,3399.659912109375,3160.0,3272.7099609375,3272.7099609375,6474400,AMZN
2020-10-19,3299.610107421875,3329.0,3192.739990234375,3207.2099609375,3207.2099609375,5223600,AMZN
2020-10-20,3222.280029296875,3266.0,3192.010009765625,3217.010009765625,3217.010009765625,4509700,AMZN
2020-10-21,3212.5,3233.8798828125,3160.0,3184.93994140625,3184.93994140625,4592700,AMZN
2020-10-22,3189.8701171875,3198.75,3121.93994140625,3176.39990234375,3176.39990234375,4212000,AMZN
2020-10-23,3191.0,3205.330078125,3140.0,3204.39990234375,3204.39990234375,3466700,AMZN
2020-10-26,3198.739990234375,3282.97998046875,3153.300048828125,3207.0400390625,3207.0400390625,5901200,AMZN
2020-10-27,3224.93994140625,3291.659912109375,3211.300048828125,3286.330078125,3286.330078125,4291000,AMZN
2020-10-28,3249.300048828125,3264.02001953125,3162.469970703125,3162.780029296875,3162.780029296875,5588300,AMZN
